assembly	member_kind	android_type	android_token	android_name	android_ordinal	switch_type	switch_token	switch_name	switch_ordinal	switch_rva_hex	rank	score	margin_to_second	status	type_pair_source	type_pair_authority	android_type_signature	switch_type_signature	evidence
Assembly-CSharp	field	AACAFOBANOH	0x04000594	GCAABNKEIBN	0	Nekki.SF2.Core.API.Items.UpgradeIndexItem	0x0400039D	Index	0		1	1.000000	0.780000	HIGH_CONFIDENCE	manual_reviewed_type	ACCEPTED	System.Int32	System.Int32	mapped_field_type_exact|normalized_field_shape_equal|field_flags_equal|declaration_ordinal_exact|constant_equal|field_semantics_equal
Assembly-CSharp	method	ABGPMGKCLBF	0x06001243	PALCFKPEPPF	2	Nekki.SF2.Core.Fights.Model.Animation.Moves.Actions.ActionDelete	0x06000BE2	Parse	2	0x100B1F0	1	0.930000	0.470000	HIGH_CONFIDENCE	manual_reviewed_type	ACCEPTED	System.Void(System.Xml.XmlNode)	System.Void(System.Xml.XmlNode)	mapped_return_type_exact|mapped_parameter_types_exact|normalized_signature_equal|method_flags_equal|declaration_ordinal_exact|method_semantics_equal|android_il_call_refs=1;mapped=1|switch_script_rva_joined
Assembly-CSharp	method	ACEHLJCDLKB	0x06002299	NPNLDNEFAFM	3	Nekki.SF2.Core.Utils.Perks.PerkActionChangeHitEffectScale	0x06002724	set_HitEffectScale	3	0xF69E50	1	0.970000	0.585000	HIGH_CONFIDENCE	manual_reviewed_type	ACCEPTED	System.Void(System.Single)	System.Void(System.Single)	mapped_return_type_exact|mapped_parameter_types_exact|normalized_signature_equal|method_flags_equal|declaration_ordinal_exact|property_event_semantics_equal|mapped_backing_field_link|android_il_field_refs=1;mapped=1|switch_script_rva_joined
Assembly-CSharp	method	ACEHLJCDLKB	0x0600229A	PALCFKPEPPF	4	Nekki.SF2.Core.Utils.Perks.PerkActionChangeHitEffectScale	0x06002725	Parse	4	0xF69E60	1	0.930000	0.545000	HIGH_CONFIDENCE	manual_reviewed_type	ACCEPTED	System.Void(System.Xml.XmlNode)	System.Void(System.Xml.XmlNode)	mapped_return_type_exact|mapped_parameter_types_exact|normalized_signature_equal|method_flags_equal|declaration_ordinal_exact|method_semantics_equal|android_il_call_refs=6;mapped=4|android_il_literals=3|switch_script_rva_joined
Assembly-CSharp	method	ADCIAFCEOLE	0x0600127A	PALCFKPEPPF	2	Nekki.SF2.Core.Fights.Model.Animation.Moves.Actions.ActionTryOnEnd	0x06000C1E	Parse	2	0x100DFB0	1	0.930000	0.470000	HIGH_CONFIDENCE	manual_reviewed_type	ACCEPTED	System.Void(System.Xml.XmlNode)	System.Void(System.Xml.XmlNode)	mapped_return_type_exact|mapped_parameter_types_exact|normalized_signature_equal|method_flags_equal|declaration_ordinal_exact|method_semantics_equal|android_il_call_refs=1;mapped=1|switch_script_rva_joined
Assembly-CSharp	method	ADGMLBFBLHA	0x06001273	PALCFKPEPPF	3	Nekki.SF2.Core.Fights.Model.Animation.Moves.Actions.ActionStopFollowEffect	0x06000C17	Parse	3	0x100DDE0	1	0.930000	0.446667	HIGH_CONFIDENCE	manual_reviewed_type	ACCEPTED	System.Void(System.Xml.XmlNode)	System.Void(System.Xml.XmlNode)	mapped_return_type_exact|mapped_parameter_types_exact|normalized_signature_equal|method_flags_equal|declaration_ordinal_exact|method_semantics_equal|android_il_call_refs=4;mapped=2|android_il_field_refs=2;mapped=1|android_il_literals=1|switch_script_rva_joined
Assembly-CSharp	field	AHGEFEJNIAB	0x04001464	value__	0	ConditionStatus	0x04001997	value__	0		1	1.000000	0.840000	HIGH_CONFIDENCE	manual_reviewed_type	ACCEPTED	System.Int32	System.Int32	mapped_field_type_exact|normalized_field_shape_equal|field_flags_equal|declaration_ordinal_exact|constant_equal|field_semantics_equal|meaningful_name_equal_supporting_only
Assembly-CSharp	method	BBAKODPKEPI	0x06001B2F	PALCFKPEPPF	1	Nekki.SF2.Core.Quests.Actions.QuestActionActivate	0x06001B76	Parse	1	0xD73830	1	0.930000	0.470000	HIGH_CONFIDENCE	manual_reviewed_type	ACCEPTED	System.Void(System.Xml.XmlNode)	System.Void(System.Xml.XmlNode)	mapped_return_type_exact|mapped_parameter_types_exact|normalized_signature_equal|method_flags_equal|declaration_ordinal_exact|method_semantics_equal|android_il_call_refs=4;mapped=2|android_il_field_refs=2;mapped=1|android_il_literals=1|switch_script_rva_joined
Assembly-CSharp	method	BBNAHLALCBK	0x06001BA0	PALCFKPEPPF	1	Nekki.SF2.Core.Quests.Actions.QuestActionGiveCurrency	0x06001C01	Parse	1	0xD833D0	1	0.930000	0.446667	HIGH_CONFIDENCE	manual_reviewed_type	ACCEPTED	System.Void(System.Xml.XmlNode)	System.Void(System.Xml.XmlNode)	mapped_return_type_exact|mapped_parameter_types_exact|normalized_signature_equal|method_flags_equal|declaration_ordinal_exact|method_semantics_equal|android_il_call_refs=4;mapped=2|android_il_field_refs=3;mapped=2|android_il_literals=2|switch_script_rva_joined
Assembly-CSharp	method	BJEJMIMNJBP	0x06002162	PALCFKPEPPF	1	Nekki.SF2.Core.Utils.ShopOverrideConteyner	0x0600258E	Parse	1	0xEF3800	1	0.930000	0.640000	HIGH_CONFIDENCE	manual_reviewed_type	ACCEPTED	System.Void(System.Xml.XmlNode)	System.Void(System.Xml.XmlNode)	mapped_return_type_exact|mapped_parameter_types_exact|normalized_signature_equal|method_flags_equal|declaration_ordinal_exact|method_semantics_equal|android_il_call_refs=11;mapped=4|android_il_field_refs=4;mapped=4|android_il_literals=3|switch_script_rva_joined
Assembly-CSharp	method	BJEJMIMNJBP	0x06002163	BAGCMLBIIEG	2	Nekki.SF2.Core.Utils.ShopOverrideConteyner	0x0600258F	GetOverrideByScreen	2	0xEF3B20	1	0.930000	0.640000	HIGH_CONFIDENCE	manual_reviewed_type	ACCEPTED	JHJPEFFBMFM(System.String)	Nekki.SF2.Core.Utils.ShopOverride(System.String)	mapped_return_type_exact|mapped_parameter_types_exact|normalized_signature_equal|method_flags_equal|declaration_ordinal_exact|method_semantics_equal|android_il_call_refs=4;mapped=4|android_il_field_refs=2;mapped=2|switch_script_rva_joined
Assembly-CSharp	method	BKCNEABMPHL	0x06001BA6	PALCFKPEPPF	1	Nekki.SF2.Core.Quests.Actions.QuestActionGiveItem	0x06001C08	Parse	1	0xD83AE0	1	0.930000	0.470000	HIGH_CONFIDENCE	manual_reviewed_type	ACCEPTED	System.Void(System.Xml.XmlNode)	System.Void(System.Xml.XmlNode)	mapped_return_type_exact|mapped_parameter_types_exact|normalized_signature_equal|method_flags_equal|declaration_ordinal_exact|method_semantics_equal|android_il_call_refs=4;mapped=2|android_il_field_refs=4;mapped=3|android_il_literals=3|switch_script_rva_joined
Assembly-CSharp	field	BKKPCBGAEHC	0x04001878	IBHGDHFOAGF	1	Nekki.SF2.Core.Zones.BattleReplayable	0x04001ED8	_rulesAndWarriorsSet	5		1	1.000000	0.724000	HIGH_CONFIDENCE	manual_reviewed_type	ACCEPTED	System.Boolean	System.Boolean	mapped_field_type_exact|normalized_field_shape_equal|field_flags_equal|declaration_ordinal_exact|constant_equal|field_semantics_equal
Assembly-CSharp	method	BLAIFJHNJIO	0x06002243	ENNGGFAPKMB	3	Nekki.SF2.Core.Utils.Perks.PerkActionProvoke	0x060026CE	set_Trigger	3	0xF6A340	1	0.970000	0.585000	HIGH_CONFIDENCE	manual_reviewed_type	ACCEPTED	System.Void(System.String)	System.Void(System.String)	mapped_return_type_exact|mapped_parameter_types_exact|normalized_signature_equal|method_flags_equal|declaration_ordinal_exact|property_event_semantics_equal|mapped_backing_field_link|android_il_field_refs=1;mapped=1|switch_script_rva_joined
Assembly-CSharp	method	BLAIFJHNJIO	0x06002244	PALCFKPEPPF	4	Nekki.SF2.Core.Utils.Perks.PerkActionProvoke	0x060026CF	Parse	4	0xF6A350	1	0.930000	0.545000	HIGH_CONFIDENCE	manual_reviewed_type	ACCEPTED	System.Void(System.Xml.XmlNode)	System.Void(System.Xml.XmlNode)	mapped_return_type_exact|mapped_parameter_types_exact|normalized_signature_equal|method_flags_equal|declaration_ordinal_exact|method_semantics_equal|android_il_call_refs=6;mapped=4|android_il_field_refs=1;mapped=0|android_il_literals=2|switch_script_rva_joined
Assembly-CSharp	field	BLHOBLHCPIP	0x04000717	<>f__switch$map2	38	Nekki.SF2.Core.MultiplayerSF.RaidCheatManager	0x04000F91	<>f__switch$map7	13		1	0.997429	0.663429	HIGH_CONFIDENCE	manual_reviewed_type	ACCEPTED	System.Collections.Generic.Dictionary`2<System.String,System.Int32>	System.Collections.Generic.Dictionary`2<System.String,System.Int32>	mapped_field_type_exact|normalized_field_shape_equal|field_flags_equal|declaration_position_close|constant_equal|field_semantics_equal
Assembly-CSharp	field	BLHOBLHCPIP	0x04000719	<>f__switch$map3	40	Nekki.SF2.Core.MultiplayerSF.RaidCheatManager	0x04000F91	<>f__switch$map7	13		1	0.991429	0.651429	HIGH_CONFIDENCE	manual_reviewed_type	ACCEPTED	System.Collections.Generic.Dictionary`2<System.String,System.Int32>	System.Collections.Generic.Dictionary`2<System.String,System.Int32>	mapped_field_type_exact|normalized_field_shape_equal|field_flags_equal|declaration_position_close|constant_equal|field_semantics_equal
Assembly-CSharp	method	CAOPJNBDLJB	0x06001B9D	PALCFKPEPPF	1	Nekki.SF2.Core.Quests.Actions.QuestActionGiveAchievement	0x06001BFE	Parse	1	0xD83280	1	0.930000	0.470000	HIGH_CONFIDENCE	manual_reviewed_type	ACCEPTED	System.Void(System.Xml.XmlNode)	System.Void(System.Xml.XmlNode)	mapped_return_type_exact|mapped_parameter_types_exact|normalized_signature_equal|method_flags_equal|declaration_ordinal_exact|method_semantics_equal|android_il_call_refs=4;mapped=2|android_il_field_refs=1;mapped=1|android_il_literals=1|switch_script_rva_joined
Assembly-CSharp	method	CFLGJOMFOHK	0x060022FA	IKGEMHCFGGA	3	Nekki.SF2.Core.Utils.Perks.PerkEventRoundStage	0x06002785	set_RoundStage	3	0xF719F0	1	0.970000	0.578000	HIGH_CONFIDENCE	manual_reviewed_type	ACCEPTED	System.Void(System.Int32)	System.Void(System.Int32)	mapped_return_type_exact|mapped_parameter_types_exact|normalized_signature_equal|method_flags_equal|declaration_ordinal_exact|property_event_semantics_equal|mapped_backing_field_link|android_il_field_refs=1;mapped=1|switch_script_rva_joined
Assembly-CSharp	method	CFLGJOMFOHK	0x060022FB	PALCFKPEPPF	4	Nekki.SF2.Core.Utils.Perks.PerkEventRoundStage	0x06002786	Parse	4	0xF71A00	1	0.930000	0.538000	HIGH_CONFIDENCE	manual_reviewed_type	ACCEPTED	System.Void(System.Xml.XmlNode)	System.Void(System.Xml.XmlNode)	mapped_return_type_exact|mapped_parameter_types_exact|normalized_signature_equal|method_flags_equal|declaration_ordinal_exact|method_semantics_equal|android_il_call_refs=6;mapped=4|android_il_field_refs=1;mapped=0|android_il_literals=1|switch_script_rva_joined
Assembly-CSharp	field	CLBEGGLEHMB	0x04001664	<ABMCCMHGHAB>k__BackingField	0	Nekki.SF2.Core.Utils.Perks.PerkActionAddBullets	0x04001CA9	<BulletType>k__BackingField	0		1	1.000000	0.780000	HIGH_CONFIDENCE	manual_reviewed_type	ACCEPTED	System.String	System.String	mapped_field_type_exact|normalized_field_shape_equal|field_flags_equal|declaration_ordinal_exact|constant_equal|property_backing_semantics_equal
Assembly-CSharp	method	CLBEGGLEHMB	0x06002261	CBFLDHEDMLL	3	Nekki.SF2.Core.Utils.Perks.PerkActionAddBullets	0x060026EC	set_BulletType	3	0xF69900	1	0.970000	0.486667	HIGH_CONFIDENCE	manual_reviewed_type	ACCEPTED	System.Void(System.String)	System.Void(System.String)	mapped_return_type_exact|mapped_parameter_types_exact|normalized_signature_equal|method_flags_equal|declaration_ordinal_exact|property_event_semantics_equal|mapped_backing_field_link|android_il_field_refs=1;mapped=1|switch_script_rva_joined
Assembly-CSharp	method	CLBEGGLEHMB	0x06002264	PALCFKPEPPF	6	Nekki.SF2.Core.Utils.Perks.PerkActionAddBullets	0x060026EF	Parse	6	0xF69920	1	0.930000	0.533333	HIGH_CONFIDENCE	manual_reviewed_type	ACCEPTED	System.Void(System.Xml.XmlNode)	System.Void(System.Xml.XmlNode)	mapped_return_type_exact|mapped_parameter_types_exact|normalized_signature_equal|method_flags_equal|declaration_ordinal_exact|method_semantics_equal|android_il_call_refs=18;mapped=9|android_il_field_refs=1;mapped=0|android_il_literals=3|switch_script_rva_joined
Assembly-CSharp	method	CNHAJBPAJAF	0x060012EA	PALCFKPEPPF	2	Nekki.SF2.Core.Fights.Model.Animation.Moves.Events.EventIntervalEnd	0x06000C93	Parse	2	0x10153A0	1	0.930000	0.616667	HIGH_CONFIDENCE	manual_reviewed_type	ACCEPTED	System.Void(System.Xml.XmlNode)	System.Void(System.Xml.XmlNode)	mapped_return_type_exact|mapped_parameter_types_exact|normalized_signature_equal|method_flags_equal|declaration_ordinal_exact|method_semantics_equal|android_il_call_refs=4;mapped=1|android_il_field_refs=2;mapped=1|android_il_literals=8|switch_script_rva_joined
Assembly-CSharp	method	DBOJBNAAOAD	0x06001BC9	PALCFKPEPPF	1	Nekki.SF2.Core.Quests.Actions.QuestActionOpenUrl	0x06001C32	Parse	1	0xD87960	1	0.930000	0.470000	HIGH_CONFIDENCE	manual_reviewed_type	ACCEPTED	System.Void(System.Xml.XmlNode)	System.Void(System.Xml.XmlNode)	mapped_return_type_exact|mapped_parameter_types_exact|normalized_signature_equal|method_flags_equal|declaration_ordinal_exact|method_semantics_equal|android_il_call_refs=4;mapped=2|android_il_field_refs=3;mapped=2|android_il_literals=2|switch_script_rva_joined
Assembly-CSharp	field	DGJOLLPMFOO	0x04000FDA	KGCLOEKBCIH	2	Nekki.SF2.Core.Quests.Actions.QuestActionBuyItem	0x040012E8	_itemAction	2		1	1.000000	0.720000	HIGH_CONFIDENCE	manual_reviewed_type	ACCEPTED	PCKPFBFHKJH	ItemAction	mapped_field_type_exact|normalized_field_shape_equal|field_flags_equal|declaration_ordinal_exact|constant_equal|field_semantics_equal
Assembly-CSharp	method	DGJOLLPMFOO	0x06001B38	PALCFKPEPPF	1	Nekki.SF2.Core.Quests.Actions.QuestActionBuyItem	0x06001B82	Parse	1	0xD74860	1	0.930000	0.470000	HIGH_CONFIDENCE	manual_reviewed_type	ACCEPTED	System.Void(System.Xml.XmlNode)	System.Void(System.Xml.XmlNode)	mapped_return_type_exact|mapped_parameter_types_exact|normalized_signature_equal|method_flags_equal|declaration_ordinal_exact|method_semantics_equal|android_il_call_refs=5;mapped=2|android_il_field_refs=4;mapped=3|android_il_literals=8|switch_script_rva_joined
Assembly-CSharp	field	DIAODIFNGLI	0x0400162F	value__	0	Nekki.SF2.Core.Utils.Perks.PlayerType	0x04001C74	value__	0		1	1.000000	0.840000	HIGH_CONFIDENCE	manual_reviewed_type	ACCEPTED	System.Int32	System.Int32	mapped_field_type_exact|normalized_field_shape_equal|field_flags_equal|declaration_ordinal_exact|constant_equal|field_semantics_equal|meaningful_name_equal_supporting_only
Assembly-CSharp	field	DKMKJJGAHMA	0x0400107A	PHFKDPIKOBH	0	Nekki.SF2.Core.Quests.Actions.QuestActionMenuBtnFlashing	0x040013F0	_btnName	0		1	1.000000	0.780000	HIGH_CONFIDENCE	manual_reviewed_type	ACCEPTED	System.String	System.String	mapped_field_type_exact|normalized_field_shape_equal|field_flags_equal|declaration_ordinal_exact|constant_equal|field_semantics_equal
Assembly-CSharp	method	DKMKJJGAHMA	0x06001C45	PALCFKPEPPF	1	Nekki.SF2.Core.Quests.Actions.QuestActionMenuBtnFlashing	0x06001CF5	Parse	1	0xD869D0	1	0.930000	0.423333	HIGH_CONFIDENCE	manual_reviewed_type	ACCEPTED	System.Void(System.Xml.XmlNode)	System.Void(System.Xml.XmlNode)	mapped_return_type_exact|mapped_parameter_types_exact|normalized_signature_equal|method_flags_equal|declaration_ordinal_exact|method_semantics_equal|android_il_call_refs=4;mapped=2|android_il_field_refs=2;mapped=1|android_il_literals=1|switch_script_rva_joined
Assembly-CSharp	method	DMPBHHGACBP	0x0600229E	HPLGLAKMGJJ	3	Nekki.SF2.Core.Utils.Perks.PerkActionChangeAdditionalDamageValue	0x06002729	set_AdditionalDamageValue	3	0xF69DA0	1	0.970000	0.585000	HIGH_CONFIDENCE	manual_reviewed_type	ACCEPTED	System.Void(System.Single)	System.Void(System.Single)	mapped_return_type_exact|mapped_parameter_types_exact|normalized_signature_equal|method_flags_equal|declaration_ordinal_exact|property_event_semantics_equal|mapped_backing_field_link|android_il_field_refs=1;mapped=1|switch_script_rva_joined
Assembly-CSharp	method	DMPBHHGACBP	0x0600229F	PALCFKPEPPF	4	Nekki.SF2.Core.Utils.Perks.PerkActionChangeAdditionalDamageValue	0x0600272A	Parse	4	0xF69DB0	1	0.930000	0.545000	HIGH_CONFIDENCE	manual_reviewed_type	ACCEPTED	System.Void(System.Xml.XmlNode)	System.Void(System.Xml.XmlNode)	mapped_return_type_exact|mapped_parameter_types_exact|normalized_signature_equal|method_flags_equal|declaration_ordinal_exact|method_semantics_equal|android_il_call_refs=6;mapped=4|android_il_literals=3|switch_script_rva_joined
Assembly-CSharp	method	DPFFGDMBLKB	0x06001B87	PALCFKPEPPF	1	Nekki.SF2.Core.Quests.Actions.QuestActionFight	0x06001BE8	Parse	1	0xD80060	1	0.930000	0.470000	HIGH_CONFIDENCE	manual_reviewed_type	ACCEPTED	System.Void(System.Xml.XmlNode)	System.Void(System.Xml.XmlNode)	mapped_return_type_exact|mapped_parameter_types_exact|normalized_signature_equal|method_flags_equal|declaration_ordinal_exact|method_semantics_equal|android_il_call_refs=4;mapped=2|android_il_field_refs=2;mapped=1|android_il_literals=1|switch_script_rva_joined
Assembly-CSharp	field	DPOHKPAKPPM	0x040013E5	value__	0	GameOverTypes	0x04001905	value__	0		1	1.000000	0.820000	HIGH_CONFIDENCE	manual_reviewed_type	ACCEPTED	System.Int32	System.Int32	mapped_field_type_exact|normalized_field_shape_equal|field_flags_equal|declaration_ordinal_exact|constant_equal|field_semantics_equal|meaningful_name_equal_supporting_only
Assembly-CSharp	field	ECHINOPKGGI	0x040007BE	value__	0	Nekki.SF2.Core.Fights.FightCID	0x040006E9	value__	0		1	1.000000	0.804800	HIGH_CONFIDENCE	manual_reviewed_type	ACCEPTED	System.Int32	System.Int32	mapped_field_type_exact|normalized_field_shape_equal|field_flags_equal|declaration_ordinal_exact|constant_equal|field_semantics_equal|meaningful_name_equal_supporting_only
Assembly-CSharp	method	EFGCBFIEOKH	0x06002300	GBKAEJOFPIE	3	Nekki.SF2.Core.Utils.Perks.PerkEventEveryFrame	0x0600278B	set_Step	3	0xF70A00	1	0.970000	0.578000	HIGH_CONFIDENCE	manual_reviewed_type	ACCEPTED	System.Void(System.Int32)	System.Void(System.Int32)	mapped_return_type_exact|mapped_parameter_types_exact|normalized_signature_equal|method_flags_equal|declaration_ordinal_exact|property_event_semantics_equal|mapped_backing_field_link|android_il_field_refs=1;mapped=1|switch_script_rva_joined
Assembly-CSharp	method	EFGCBFIEOKH	0x06002301	PALCFKPEPPF	4	Nekki.SF2.Core.Utils.Perks.PerkEventEveryFrame	0x0600278C	Parse	4	0xF70A10	1	0.930000	0.538000	HIGH_CONFIDENCE	manual_reviewed_type	ACCEPTED	System.Void(System.Xml.XmlNode)	System.Void(System.Xml.XmlNode)	mapped_return_type_exact|mapped_parameter_types_exact|normalized_signature_equal|method_flags_equal|declaration_ordinal_exact|method_semantics_equal|android_il_call_refs=5;mapped=3|android_il_literals=2|switch_script_rva_joined
Assembly-CSharp	method	EFIMNMBMCIJ	0x06002236	EACLCENGNCH	3	Nekki.SF2.Core.Utils.Perks.ModHealthChange	0x060026C1	set_PerFrameValue	3	0xF66E30	1	0.970000	0.585000	HIGH_CONFIDENCE	manual_reviewed_type	ACCEPTED	System.Void(System.Single)	System.Void(System.Single)	mapped_return_type_exact|mapped_parameter_types_exact|normalized_signature_equal|method_flags_equal|declaration_ordinal_exact|property_event_semantics_equal|mapped_backing_field_link|android_il_field_refs=1;mapped=1|switch_script_rva_joined
Assembly-CSharp	method	EFIMNMBMCIJ	0x06002237	PALCFKPEPPF	4	Nekki.SF2.Core.Utils.Perks.ModHealthChange	0x060026C2	Parse	4	0xF66E40	1	0.930000	0.545000	HIGH_CONFIDENCE	manual_reviewed_type	ACCEPTED	System.Void(System.Xml.XmlNode)	System.Void(System.Xml.XmlNode)	mapped_return_type_exact|mapped_parameter_types_exact|normalized_signature_equal|method_flags_equal|declaration_ordinal_exact|method_semantics_equal|android_il_call_refs=6;mapped=4|android_il_literals=3|switch_script_rva_joined
Assembly-CSharp	field	ELKGJAOHJGM	0x04001442	value__	0	StoryTutorialStepCode	0x04001975	value__	0		1	1.000000	0.805000	HIGH_CONFIDENCE	manual_reviewed_type	ACCEPTED	System.Int32	System.Int32	mapped_field_type_exact|normalized_field_shape_equal|field_flags_equal|declaration_ordinal_exact|constant_equal|field_semantics_equal|meaningful_name_equal_supporting_only
Assembly-CSharp	method	ENBJNBDOLPK	0x06001C0D	PALCFKPEPPF	1	Nekki.SF2.Core.Quests.Actions.QuestActionShowVideo	0x06001C7A	Parse	1	0xD8CFF0	1	0.918333	0.411667	HIGH_CONFIDENCE	manual_reviewed_type	ACCEPTED	System.Void(System.Xml.XmlNode)	System.Void(System.Xml.XmlNode)	mapped_return_type_exact|mapped_parameter_types_exact|normalized_signature_equal|method_flags_equal|declaration_position_close|method_semantics_equal|android_il_call_refs=4;mapped=2|android_il_field_refs=2;mapped=1|android_il_literals=1|switch_script_rva_joined
Assembly-CSharp	field	ENKGAHJKICL	0x04000B30	BDAPPIHMJDM	3	DelayedAnimation	0x04000A65	IsFrameShift	3		1	1.000000	0.690000	HIGH_CONFIDENCE	manual_reviewed_type	ACCEPTED	System.Boolean	System.Boolean	mapped_field_type_exact|normalized_field_shape_equal|field_flags_equal|declaration_ordinal_exact|constant_equal|field_semantics_equal
Assembly-CSharp	field	EOONKPMBNBE	0x04000ADF	value__	0	Nekki.SF2.Core.Fights.Model.Components.Edges.EdgeType	0x04000A0E	value__	0		1	1.000000	0.860000	HIGH_CONFIDENCE	manual_reviewed_type	ACCEPTED	System.Int32	System.Int32	mapped_field_type_exact|normalized_field_shape_equal|field_flags_equal|declaration_ordinal_exact|constant_equal|field_semantics_equal|meaningful_name_equal_supporting_only
Assembly-CSharp	field	FADHDBNEDHM	0x04001633	value__	0	Nekki.SF2.Core.Utils.Perks.ActionType	0x04001C78	value__	0		1	1.000000	0.805217	HIGH_CONFIDENCE	manual_reviewed_type	ACCEPTED	System.Int32	System.Int32	mapped_field_type_exact|normalized_field_shape_equal|field_flags_equal|declaration_ordinal_exact|constant_equal|field_semantics_equal|meaningful_name_equal_supporting_only
Assembly-CSharp	method	FBDAHEODOGP	0x0600223E	JCKKKPIJGIA	3	Nekki.SF2.Core.Utils.Perks.PerkActionSetTactics	0x060026C9	set_Tactics	3	0xF6B150	1	0.970000	0.585000	HIGH_CONFIDENCE	manual_reviewed_type	ACCEPTED	System.Void(System.String)	System.Void(System.String)	mapped_return_type_exact|mapped_parameter_types_exact|normalized_signature_equal|method_flags_equal|declaration_ordinal_exact|property_event_semantics_equal|mapped_backing_field_link|android_il_field_refs=1;mapped=1|switch_script_rva_joined
Assembly-CSharp	method	FBDAHEODOGP	0x0600223F	PALCFKPEPPF	4	Nekki.SF2.Core.Utils.Perks.PerkActionSetTactics	0x060026CA	Parse	4	0xF6B160	1	0.930000	0.545000	HIGH_CONFIDENCE	manual_reviewed_type	ACCEPTED	System.Void(System.Xml.XmlNode)	System.Void(System.Xml.XmlNode)	mapped_return_type_exact|mapped_parameter_types_exact|normalized_signature_equal|method_flags_equal|declaration_ordinal_exact|method_semantics_equal|android_il_call_refs=6;mapped=4|android_il_field_refs=1;mapped=0|android_il_literals=2|switch_script_rva_joined
Assembly-CSharp	field	FBLKPCHKAHM	0x0400166E	<OPAFELFOFFB>k__BackingField	0	Nekki.SF2.Core.Utils.Perks.PerkActionSetModEffect	0x04001CB3	<ModName>k__BackingField	0		1	1.000000	0.780000	HIGH_CONFIDENCE	manual_reviewed_type	ACCEPTED	System.String	System.String	mapped_field_type_exact|normalized_field_shape_equal|field_flags_equal|declaration_ordinal_exact|constant_equal|property_backing_semantics_equal
Assembly-CSharp	method	FBLKPCHKAHM	0x06002281	KBHILDAFOEC	3	Nekki.SF2.Core.Utils.Perks.PerkActionSetModEffect	0x0600270C	set_ModName	3	0xF6ACE0	1	0.970000	0.480000	HIGH_CONFIDENCE	manual_reviewed_type	ACCEPTED	System.Void(System.String)	System.Void(System.String)	mapped_return_type_exact|mapped_parameter_types_exact|normalized_signature_equal|method_flags_equal|declaration_ordinal_exact|property_event_semantics_equal|mapped_backing_field_link|android_il_field_refs=1;mapped=1|switch_script_rva_joined
Assembly-CSharp	method	FBLKPCHKAHM	0x06002284	PALCFKPEPPF	6	Nekki.SF2.Core.Utils.Perks.PerkActionSetModEffect	0x0600270F	Parse	6	0xF6AD10	1	0.930000	0.530000	HIGH_CONFIDENCE	manual_reviewed_type	ACCEPTED	System.Void(System.Xml.XmlNode)	System.Void(System.Xml.XmlNode)	mapped_return_type_exact|mapped_parameter_types_exact|normalized_signature_equal|method_flags_equal|declaration_ordinal_exact|method_semantics_equal|android_il_call_refs=8;mapped=6|android_il_field_refs=1;mapped=0|android_il_literals=3|switch_script_rva_joined
Assembly-CSharp	method	FEMGGEAGICG	0x06001D4B	NHCBGKHMMEK	22	ChangingSprite	0x06001E3D	UpdateAnimation	31	0xF0FB20	1	0.925625	0.303125	HIGH_CONFIDENCE	manual_reviewed_type	ACCEPTED	System.Single(System.Single)	System.Single(System.Single)	mapped_return_type_exact|mapped_parameter_types_exact|normalized_signature_equal|method_flags_equal|declaration_position_close|method_semantics_equal|android_il_call_refs=1;mapped=1|android_il_field_refs=4;mapped=4|android_il_literals=7|switch_script_rva_joined
Assembly-CSharp	field	FHPJJGPJLHD	0x04001758	GCAPLEJMMPM	0	Nekki.SF2.Core.Utils.Perks.ProfilePerkContainer	0x04001D9E	Level	0		1	1.000000	0.780000	HIGH_CONFIDENCE	manual_reviewed_type	ACCEPTED	System.Int32	System.Int32	mapped_field_type_exact|normalized_field_shape_equal|field_flags_equal|declaration_ordinal_exact|constant_equal|field_semantics_equal
Assembly-CSharp	field	FIHMEHKAOCP	0x04000CA0	MENAJEAJJBE	0	Nekki.SF2.Core.Fights.Model.Support.GroupModel	0x04000C0F	Name	0		1	1.000000	0.720000	HIGH_CONFIDENCE	manual_reviewed_type	ACCEPTED	System.String	System.String	mapped_field_type_exact|normalized_field_shape_equal|field_flags_equal|declaration_ordinal_exact|constant_equal|field_semantics_equal
Assembly-CSharp	method	FIIMJHJLBBP	0x060021CA	PALCFKPEPPF	1	Nekki.SF2.Core.Utils.OutdateLevels	0x06002655	Parse	1	0xF623C0	1	0.930000	0.640000	HIGH_CONFIDENCE	manual_reviewed_type	ACCEPTED	System.Void(System.Xml.XmlNode)	System.Void(System.Xml.XmlNode)	mapped_return_type_exact|mapped_parameter_types_exact|normalized_signature_equal|method_flags_equal|declaration_ordinal_exact|method_semantics_equal|android_il_call_refs=9;mapped=4|android_il_field_refs=1;mapped=1|switch_script_rva_joined
Assembly-CSharp	method	FIIMJHJLBBP	0x060021CB	DLLEMBNMDCH	2	Nekki.SF2.Core.Utils.OutdateLevels	0x06002656	GetValue	2	0xF62660	1	0.930000	0.640000	HIGH_CONFIDENCE	manual_reviewed_type	ACCEPTED	System.Single(System.String)	System.Single(System.String)	mapped_return_type_exact|mapped_parameter_types_exact|normalized_signature_equal|method_flags_equal|declaration_ordinal_exact|method_semantics_equal|android_il_call_refs=7;mapped=6|android_il_field_refs=2;mapped=2|android_il_literals=3|switch_script_rva_joined
Assembly-CSharp	method	FLLKBEBLENE	0x06001C4F	PALCFKPEPPF	1	Nekki.SF2.Core.Quests.Actions.QuestActionSetStoryTutorialStep	0x06001D06	Parse	1	0xD8AC70	1	0.930000	0.470000	HIGH_CONFIDENCE	manual_reviewed_type	ACCEPTED	System.Void(System.Xml.XmlNode)	System.Void(System.Xml.XmlNode)	mapped_return_type_exact|mapped_parameter_types_exact|normalized_signature_equal|method_flags_equal|declaration_ordinal_exact|method_semantics_equal|android_il_call_refs=4;mapped=2|android_il_field_refs=2;mapped=1|android_il_literals=1|switch_script_rva_joined
Assembly-CSharp	field	GBHDNJFHNNE	0x04000D9A	value__	0	Nekki.SF2.Core.Fights.Rules.FightEvent	0x04000D16	value__	0		1	1.000000	0.808571	HIGH_CONFIDENCE	manual_reviewed_type	ACCEPTED	System.Int32	System.Int32	mapped_field_type_exact|normalized_field_shape_equal|field_flags_equal|declaration_ordinal_exact|constant_equal|field_semantics_equal|meaningful_name_equal_supporting_only
Assembly-CSharp	field	GCDPHDDEFFA	0x04001808	value__	0	Nekki.SF2.Core.Utils.PointsTableType	0x04001E57	value__	0		1	1.000000	0.860000	HIGH_CONFIDENCE	manual_reviewed_type	ACCEPTED	System.Int32	System.Int32	mapped_field_type_exact|normalized_field_shape_equal|field_flags_equal|declaration_ordinal_exact|constant_equal|field_semantics_equal|meaningful_name_equal_supporting_only
Assembly-CSharp	method	GGFKBGKDALP	0x06002248	LKCGBPLOFFH	3	Nekki.SF2.Core.Utils.Perks.PerkActionLifesteal	0x060026D3	set_DamagePart	3	0xF6A290	1	0.970000	0.585000	HIGH_CONFIDENCE	manual_reviewed_type	ACCEPTED	System.Void(System.Single)	System.Void(System.Single)	mapped_return_type_exact|mapped_parameter_types_exact|normalized_signature_equal|method_flags_equal|declaration_ordinal_exact|property_event_semantics_equal|mapped_backing_field_link|android_il_field_refs=1;mapped=1|switch_script_rva_joined
Assembly-CSharp	method	GGFKBGKDALP	0x06002249	PALCFKPEPPF	4	Nekki.SF2.Core.Utils.Perks.PerkActionLifesteal	0x060026D4	Parse	4	0xF6A2A0	1	0.930000	0.545000	HIGH_CONFIDENCE	manual_reviewed_type	ACCEPTED	System.Void(System.Xml.XmlNode)	System.Void(System.Xml.XmlNode)	mapped_return_type_exact|mapped_parameter_types_exact|normalized_signature_equal|method_flags_equal|declaration_ordinal_exact|method_semantics_equal|android_il_call_refs=6;mapped=4|android_il_literals=3|switch_script_rva_joined
Assembly-CSharp	method	GIBFCCMNFPA	0x06001B32	PALCFKPEPPF	1	Nekki.SF2.Core.Quests.Actions.QuestActionActivateTimer	0x06001B79	Parse	1	0xD73C90	1	0.930000	0.470000	HIGH_CONFIDENCE	manual_reviewed_type	ACCEPTED	System.Void(System.Xml.XmlNode)	System.Void(System.Xml.XmlNode)	mapped_return_type_exact|mapped_parameter_types_exact|normalized_signature_equal|method_flags_equal|declaration_ordinal_exact|method_semantics_equal|android_il_call_refs=4;mapped=2|android_il_field_refs=3;mapped=2|android_il_literals=2|switch_script_rva_joined
Assembly-CSharp	method	GIIGEHIAJKN	0x060019B9	ALCOMOGKMMI	4	Nekki.SF2.GUI.Dialogs.DialogsManager	0x060014BF	StopDialog	12	0xCEE470	1	0.921579	0.397895	HIGH_CONFIDENCE	manual_reviewed_type	ACCEPTED	System.Void(Nekki.SF2.GUI.Dialogs.BaseDialog)	System.Void(Nekki.SF2.GUI.Dialogs.BaseDialog)	mapped_return_type_exact|mapped_parameter_types_exact|normalized_signature_equal|method_flags_equal|declaration_position_close|method_semantics_equal|android_il_call_refs=8;mapped=3|android_il_field_refs=3;mapped=3|android_il_literals=7|switch_script_rva_joined
Assembly-CSharp	field	GINMCNPCIPN	0x0400103B	PHJCCJNOCGJ	0	Nekki.SF2.Core.Quests.Actions.QuestActionGotoZone	0x04001365	_name	0		1	1.000000	0.780000	HIGH_CONFIDENCE	manual_reviewed_type	ACCEPTED	System.String	System.String	mapped_field_type_exact|normalized_field_shape_equal|field_flags_equal|declaration_ordinal_exact|constant_equal|field_semantics_equal
Assembly-CSharp	field	GINMCNPCIPN	0x0400103C	ILDBPGBFBDA	1	Nekki.SF2.Core.Quests.Actions.QuestActionGotoZone	0x04001366	_frames	1		1	1.000000	0.780000	HIGH_CONFIDENCE	manual_reviewed_type	ACCEPTED	System.Int32	System.Int32	mapped_field_type_exact|normalized_field_shape_equal|field_flags_equal|declaration_ordinal_exact|constant_equal|field_semantics_equal
Assembly-CSharp	method	GINMCNPCIPN	0x06001BB4	PALCFKPEPPF	1	Nekki.SF2.Core.Quests.Actions.QuestActionGotoZone	0x06001C1C	Parse	1	0xD85E40	1	0.930000	0.470000	HIGH_CONFIDENCE	manual_reviewed_type	ACCEPTED	System.Void(System.Xml.XmlNode)	System.Void(System.Xml.XmlNode)	mapped_return_type_exact|mapped_parameter_types_exact|normalized_signature_equal|method_flags_equal|declaration_ordinal_exact|method_semantics_equal|android_il_call_refs=5;mapped=3|android_il_field_refs=3;mapped=2|android_il_literals=3|switch_script_rva_joined
Assembly-CSharp	field	GKCKAHAMGDO	0x0400140A	value__	0	DialogType	0x04001933	value__	0		1	1.000000	0.802927	HIGH_CONFIDENCE	manual_reviewed_type	ACCEPTED	System.Int32	System.Int32	mapped_field_type_exact|normalized_field_shape_equal|field_flags_equal|declaration_ordinal_exact|constant_equal|field_semantics_equal|meaningful_name_equal_supporting_only
Assembly-CSharp	method	GKOMKBHAJIJ	0x06001BCE	PALCFKPEPPF	1	Nekki.SF2.Core.Quests.Actions.QuestActionRemovePack	0x06001C37	Parse	1	0xD87D00	1	0.930000	0.470000	HIGH_CONFIDENCE	manual_reviewed_type	ACCEPTED	System.Void(System.Xml.XmlNode)	System.Void(System.Xml.XmlNode)	mapped_return_type_exact|mapped_parameter_types_exact|normalized_signature_equal|method_flags_equal|declaration_ordinal_exact|method_semantics_equal|android_il_call_refs=4;mapped=2|android_il_field_refs=2;mapped=1|android_il_literals=1|switch_script_rva_joined
Assembly-CSharp	field	GLGBHNDMIOD	0x040013CB	value__	0	EndRoundType	0x040018E8	value__	0		1	1.000000	0.817143	HIGH_CONFIDENCE	manual_reviewed_type	ACCEPTED	System.Int32	System.Int32	mapped_field_type_exact|normalized_field_shape_equal|field_flags_equal|declaration_ordinal_exact|constant_equal|field_semantics_equal|meaningful_name_equal_supporting_only
Assembly-CSharp	field	GNEJMMGFCNF	0x04000FDB	LOLEMLLPIOK	0	Nekki.SF2.Core.Quests.Actions.QuestActionBuyPack	0x040012E9	_PackName	0		1	1.000000	0.700000	HIGH_CONFIDENCE	manual_reviewed_type	ACCEPTED	System.String	System.String	mapped_field_type_exact|normalized_field_shape_equal|field_flags_equal|declaration_ordinal_exact|constant_equal|field_semantics_equal
Assembly-CSharp	method	GNEJMMGFCNF	0x06001B3B	PALCFKPEPPF	1	Nekki.SF2.Core.Quests.Actions.QuestActionBuyPack	0x06001B85	Parse	1	0xD74D50	1	0.923000	0.414000	HIGH_CONFIDENCE	manual_reviewed_type	ACCEPTED	System.Void(System.Xml.XmlNode)	System.Void(System.Xml.XmlNode)	mapped_return_type_exact|mapped_parameter_types_exact|normalized_signature_equal|method_flags_equal|declaration_position_close|method_semantics_equal|android_il_call_refs=8;mapped=4|android_il_field_refs=4;mapped=3|android_il_literals=3|switch_script_rva_joined
Assembly-CSharp	method	HBGBGKDAPON	0x06001C4C	PALCFKPEPPF	1	Nekki.SF2.Core.Quests.Actions.Raid.QuestActionSetRaidInfoTutorialStep	0x06001D65	Parse	1	0xE03750	1	0.930000	0.470000	HIGH_CONFIDENCE	manual_reviewed_type	ACCEPTED	System.Void(System.Xml.XmlNode)	System.Void(System.Xml.XmlNode)	mapped_return_type_exact|mapped_parameter_types_exact|normalized_signature_equal|method_flags_equal|declaration_ordinal_exact|method_semantics_equal|android_il_call_refs=4;mapped=2|android_il_field_refs=2;mapped=1|android_il_literals=1|switch_script_rva_joined
Assembly-CSharp	field	HGOLHBNDKFG	0x04001054	PBDBLNELILI	2	Nekki.SF2.Core.Quests.Actions.QuestActionShop	0x0400138B	_sliderType	2		1	1.000000	0.560000	HIGH_CONFIDENCE	manual_reviewed_type	ACCEPTED	LBFKFBALMGA	SliderType	mapped_field_type_exact|normalized_field_shape_equal|field_flags_equal|declaration_ordinal_exact|constant_equal|field_semantics_equal
Assembly-CSharp	method	HGOLHBNDKFG	0x06001BFA	PALCFKPEPPF	1	Nekki.SF2.Core.Quests.Actions.QuestActionShop	0x06001C66	Parse	1	0xD8AE80	1	0.925333	0.428000	HIGH_CONFIDENCE	manual_reviewed_type	ACCEPTED	System.Void(System.Xml.XmlNode)	System.Void(System.Xml.XmlNode)	mapped_return_type_exact|mapped_parameter_types_exact|normalized_signature_equal|method_flags_equal|declaration_position_close|method_semantics_equal|android_il_call_refs=4;mapped=2|android_il_field_refs=3;mapped=2|android_il_literals=2|switch_script_rva_joined
Assembly-CSharp	method	HHMDDFCJDEO	0x06002252	JPMOEKPMFCE	3	Nekki.SF2.Core.Utils.Perks.PerkActionClearAction	0x060026DD	set_NameAction	3	0xF6A050	1	0.970000	0.585000	HIGH_CONFIDENCE	manual_reviewed_type	ACCEPTED	System.Void(System.String)	System.Void(System.String)	mapped_return_type_exact|mapped_parameter_types_exact|normalized_signature_equal|method_flags_equal|declaration_ordinal_exact|property_event_semantics_equal|mapped_backing_field_link|android_il_field_refs=1;mapped=1|switch_script_rva_joined
Assembly-CSharp	method	HHMDDFCJDEO	0x06002253	PALCFKPEPPF	4	Nekki.SF2.Core.Utils.Perks.PerkActionClearAction	0x060026DE	Parse	4	0xF6A060	1	0.930000	0.545000	HIGH_CONFIDENCE	manual_reviewed_type	ACCEPTED	System.Void(System.Xml.XmlNode)	System.Void(System.Xml.XmlNode)	mapped_return_type_exact|mapped_parameter_types_exact|normalized_signature_equal|method_flags_equal|declaration_ordinal_exact|method_semantics_equal|android_il_call_refs=6;mapped=4|android_il_field_refs=1;mapped=0|android_il_literals=2|switch_script_rva_joined
Assembly-CSharp	field	HHOJHNPKKFB	0x040014A7	value__	0	ConditionCompare	0x040019FC	value__	0		1	1.000000	0.824000	HIGH_CONFIDENCE	manual_reviewed_type	ACCEPTED	System.Int32	System.Int32	mapped_field_type_exact|normalized_field_shape_equal|field_flags_equal|declaration_ordinal_exact|constant_equal|field_semantics_equal|meaningful_name_equal_supporting_only
Assembly-CSharp	field	HHPAEJNAAMB	0x04000FDF	AHKMLIBFMLA	0	Nekki.SF2.Core.Quests.Actions.QuestActionChangeScene	0x040012EE	_Destination	0		1	1.000000	0.780000	HIGH_CONFIDENCE	manual_reviewed_type	ACCEPTED	System.String	System.String	mapped_field_type_exact|normalized_field_shape_equal|field_flags_equal|declaration_ordinal_exact|constant_equal|field_semantics_equal
Assembly-CSharp	method	HHPAEJNAAMB	0x06001B44	PALCFKPEPPF	1	Nekki.SF2.Core.Quests.Actions.QuestActionChangeScene	0x06001B8F	Parse	1	0xD756E0	1	0.930000	0.435000	HIGH_CONFIDENCE	manual_reviewed_type	ACCEPTED	System.Void(System.Xml.XmlNode)	System.Void(System.Xml.XmlNode)	mapped_return_type_exact|mapped_parameter_types_exact|normalized_signature_equal|method_flags_equal|declaration_ordinal_exact|method_semantics_equal|android_il_call_refs=4;mapped=2|android_il_field_refs=2;mapped=1|android_il_literals=1|switch_script_rva_joined
Assembly-CSharp	method	HNLBIPKJEAD	0x06001277	PALCFKPEPPF	3	Nekki.SF2.Core.Fights.Model.Animation.Moves.Actions.ActionStopSound	0x06000C1B	Parse	3	0x100DED0	1	0.930000	0.446667	HIGH_CONFIDENCE	manual_reviewed_type	ACCEPTED	System.Void(System.Xml.XmlNode)	System.Void(System.Xml.XmlNode)	mapped_return_type_exact|mapped_parameter_types_exact|normalized_signature_equal|method_flags_equal|declaration_ordinal_exact|method_semantics_equal|android_il_call_refs=4;mapped=2|android_il_field_refs=2;mapped=1|android_il_literals=1|switch_script_rva_joined
Assembly-CSharp	field	IDDHECOKKJN	0x0400149E	value__	0	ConditionType	0x040019F3	value__	0		1	1.000000	0.830000	HIGH_CONFIDENCE	manual_reviewed_type	ACCEPTED	System.Int32	System.Int32	mapped_field_type_exact|normalized_field_shape_equal|field_flags_equal|declaration_ordinal_exact|constant_equal|field_semantics_equal|meaningful_name_equal_supporting_only
Assembly-CSharp	field	IGDDHFCDELM	0x0400166C	<OPAFELFOFFB>k__BackingField	0	Nekki.SF2.Core.Utils.Perks.PerkActionSetModFrames	0x04001CB1	<ModName>k__BackingField	0		1	1.000000	0.780000	HIGH_CONFIDENCE	manual_reviewed_type	ACCEPTED	System.String	System.String	mapped_field_type_exact|normalized_field_shape_equal|field_flags_equal|declaration_ordinal_exact|constant_equal|property_backing_semantics_equal
Assembly-CSharp	method	IGDDHFCDELM	0x0600227A	KBHILDAFOEC	3	Nekki.SF2.Core.Utils.Perks.PerkActionSetModFrames	0x06002705	set_ModName	3	0xF6AED0	1	0.970000	0.486667	HIGH_CONFIDENCE	manual_reviewed_type	ACCEPTED	System.Void(System.String)	System.Void(System.String)	mapped_return_type_exact|mapped_parameter_types_exact|normalized_signature_equal|method_flags_equal|declaration_ordinal_exact|property_event_semantics_equal|mapped_backing_field_link|android_il_field_refs=1;mapped=1|switch_script_rva_joined
Assembly-CSharp	method	IGDDHFCDELM	0x0600227D	PALCFKPEPPF	6	Nekki.SF2.Core.Utils.Perks.PerkActionSetModFrames	0x06002708	Parse	6	0xF6AEF0	1	0.930000	0.533333	HIGH_CONFIDENCE	manual_reviewed_type	ACCEPTED	System.Void(System.Xml.XmlNode)	System.Void(System.Xml.XmlNode)	mapped_return_type_exact|mapped_parameter_types_exact|normalized_signature_equal|method_flags_equal|declaration_ordinal_exact|method_semantics_equal|android_il_call_refs=18;mapped=9|android_il_field_refs=1;mapped=0|android_il_literals=3|switch_script_rva_joined
Assembly-CSharp	method	ILANMPAHHEK	0x06001256	PALCFKPEPPF	3	Nekki.SF2.Core.Fights.Model.Animation.Moves.Actions.ActionHitEffect	0x06000BF9	Parse	3	0x100C220	1	0.930000	0.446667	HIGH_CONFIDENCE	manual_reviewed_type	ACCEPTED	System.Void(System.Xml.XmlNode)	System.Void(System.Xml.XmlNode)	mapped_return_type_exact|mapped_parameter_types_exact|normalized_signature_equal|method_flags_equal|declaration_ordinal_exact|method_semantics_equal|android_il_call_refs=4;mapped=2|android_il_field_refs=2;mapped=1|android_il_literals=1|switch_script_rva_joined
Assembly-CSharp	method	INJNCLFDJAG	0x06001B58	PALCFKPEPPF	1	Nekki.SF2.Core.Quests.Actions.QuestActionDeliver	0x06001BA9	Parse	1	0xD78700	1	0.930000	0.470000	HIGH_CONFIDENCE	manual_reviewed_type	ACCEPTED	System.Void(System.Xml.XmlNode)	System.Void(System.Xml.XmlNode)	mapped_return_type_exact|mapped_parameter_types_exact|normalized_signature_equal|method_flags_equal|declaration_ordinal_exact|method_semantics_equal|android_il_call_refs=4;mapped=2|android_il_field_refs=3;mapped=2|android_il_literals=2|switch_script_rva_joined
Assembly-CSharp	field	IPKNDMINFMJ	0x040013F8	value__	0	ScreenType	0x04001919	value__	0		1	1.000000	0.810000	HIGH_CONFIDENCE	manual_reviewed_type	ACCEPTED	System.Int32	System.Int32	mapped_field_type_exact|normalized_field_shape_equal|field_flags_equal|declaration_ordinal_exact|constant_equal|field_semantics_equal|meaningful_name_equal_supporting_only
Assembly-CSharp	method	JCKHNJBNBAJ	0x06001C35	PALCFKPEPPF	1	Nekki.SF2.Core.Quests.Actions.QuestActionVariable	0x06001CA4	Parse	1	0xD91E40	1	0.930000	0.446667	HIGH_CONFIDENCE	manual_reviewed_type	ACCEPTED	System.Void(System.Xml.XmlNode)	System.Void(System.Xml.XmlNode)	mapped_return_type_exact|mapped_parameter_types_exact|normalized_signature_equal|method_flags_equal|declaration_ordinal_exact|method_semantics_equal|android_il_call_refs=4;mapped=2|android_il_field_refs=3;mapped=2|android_il_literals=2|switch_script_rva_joined
Assembly-CSharp	field	JCMJHAGMFNC	0x04001060	CNCHOEKEBDB	9	Nekki.SF2.Core.Quests.Actions.QuestActionShowMapButton	0x040013A4	_AutoPosition	15		1	0.997882	0.662824	HIGH_CONFIDENCE	manual_reviewed_type	ACCEPTED	System.Boolean	System.Boolean	mapped_field_type_exact|normalized_field_shape_equal|field_flags_equal|declaration_position_close|constant_equal|field_semantics_equal
Assembly-CSharp	method	JDLLFCPGEME	0x06001920	AGGMKGGCMMB	3	Nekki.SF2.Core.Forge.ForgeManager	0x0600137D	GetRecipeByName	9	0xF34E20	1	0.900118	0.183176	HIGH_CONFIDENCE	manual_reviewed_type	ACCEPTED	INODIOJPNJH(System.String)	Nekki.SF2.Core.Forge.Recipe(System.String)	mapped_return_type_exact|mapped_parameter_types_exact|normalized_signature_equal|method_flags_equal|declaration_position_close|method_semantics_equal|switch_script_rva_joined
Assembly-CSharp	method	JDLLFCPGEME	0x06001921	MKJFMGGBLEI	4	Nekki.SF2.Core.Forge.ForgeManager	0x06001382	GetAspectValueByLevel	14	0xF358C0	1	0.926706	0.298235	HIGH_CONFIDENCE	manual_reviewed_type	ACCEPTED	System.Int32(System.Int32)	System.Int32(System.Int32)	mapped_return_type_exact|mapped_parameter_types_exact|normalized_signature_equal|method_flags_equal|declaration_position_close|method_semantics_equal|android_il_literals=1|switch_script_rva_joined
Assembly-CSharp	field	JONMJFCIKON	0x04001C00	value__	0	Nekki.SF2.GUI.Fight.ScreenFightType	0x040029E9	value__	0		1	1.000000	0.809231	HIGH_CONFIDENCE	manual_reviewed_type	ACCEPTED	System.Int32	System.Int32	mapped_field_type_exact|normalized_field_shape_equal|field_flags_equal|declaration_ordinal_exact|constant_equal|field_semantics_equal|meaningful_name_equal_supporting_only
Assembly-CSharp	field	JOPONFMDIKE	0x0400177F	BAINMLLIKOL	2	Nekki.SF2.Core.Utils.CharProgLevel	0x04001DFA	value	2		1	1.000000	0.720000	HIGH_CONFIDENCE	manual_reviewed_type	ACCEPTED	System.Int64	System.Int64	mapped_field_type_exact|normalized_field_shape_equal|field_flags_equal|declaration_ordinal_exact|constant_equal|field_semantics_equal
Assembly-CSharp	field	JPCHBCLGMLK	0x04001407	value__	0	BulletType	0x04001930	value__	0		1	1.000000	0.860000	HIGH_CONFIDENCE	manual_reviewed_type	ACCEPTED	System.Int32	System.Int32	mapped_field_type_exact|normalized_field_shape_equal|field_flags_equal|declaration_ordinal_exact|constant_equal|field_semantics_equal|meaningful_name_equal_supporting_only
Assembly-CSharp	method	KBFMIDDEKAM	0x06001BC0	PALCFKPEPPF	1	Nekki.SF2.Core.Quests.Actions.QuestActionMapMask	0x06001C27	Parse	1	0xD86800	1	0.930000	0.470000	HIGH_CONFIDENCE	manual_reviewed_type	ACCEPTED	System.Void(System.Xml.XmlNode)	System.Void(System.Xml.XmlNode)	mapped_return_type_exact|mapped_parameter_types_exact|normalized_signature_equal|method_flags_equal|declaration_ordinal_exact|method_semantics_equal|android_il_call_refs=5;mapped=3|android_il_field_refs=2;mapped=1|android_il_literals=2|switch_script_rva_joined
Assembly-CSharp	method	KCBLJINLCOB	0x0600126F	PALCFKPEPPF	3	Nekki.SF2.Core.Fights.Model.Animation.Moves.Actions.ActionStopEffect	0x06000C13	Parse	3	0x100DCF0	1	0.930000	0.446667	HIGH_CONFIDENCE	manual_reviewed_type	ACCEPTED	System.Void(System.Xml.XmlNode)	System.Void(System.Xml.XmlNode)	mapped_return_type_exact|mapped_parameter_types_exact|normalized_signature_equal|method_flags_equal|declaration_ordinal_exact|method_semantics_equal|android_il_call_refs=4;mapped=2|android_il_field_refs=2;mapped=1|android_il_literals=1|switch_script_rva_joined
Assembly-CSharp	method	KCDDKIDBHNM	0x06001C21	PALCFKPEPPF	1	Nekki.SF2.Core.Quests.Actions.QuestActionToggleGroup	0x06001C8D	Parse	1	0xD90850	1	0.930000	0.470000	HIGH_CONFIDENCE	manual_reviewed_type	ACCEPTED	System.Void(System.Xml.XmlNode)	System.Void(System.Xml.XmlNode)	mapped_return_type_exact|mapped_parameter_types_exact|normalized_signature_equal|method_flags_equal|declaration_ordinal_exact|method_semantics_equal|android_il_call_refs=4;mapped=2|android_il_field_refs=3;mapped=2|android_il_literals=3|switch_script_rva_joined
Assembly-CSharp	field	KDDNHLLMDDG	0x0400108D	PJALFNFOBGO	2	Nekki.SF2.Core.Quests.Actions.QuestActionStoryTutorialPunchbag	0x0400140E	_WaitTimeCoroutine	2		1	1.000000	0.700000	HIGH_CONFIDENCE	manual_reviewed_type	ACCEPTED	System.Collections.IEnumerator	System.Collections.IEnumerator	mapped_field_type_exact|normalized_field_shape_equal|field_flags_equal|declaration_ordinal_exact|constant_equal|field_semantics_equal
Assembly-CSharp	field	KDDNHLLMDDG	0x0400108E	FDKDKKKBIMK	3	Nekki.SF2.Core.Quests.Actions.QuestActionStoryTutorialPunchbag	0x0400140F	_LastAnimationIsKick	3		1	1.000000	0.700000	HIGH_CONFIDENCE	manual_reviewed_type	ACCEPTED	System.Boolean	System.Boolean	mapped_field_type_exact|normalized_field_shape_equal|field_flags_equal|declaration_ordinal_exact|constant_equal|field_semantics_equal
Assembly-CSharp	method	KEHEFBGBNDH	0x06001B8A	PALCFKPEPPF	1	Nekki.SF2.Core.Quests.Actions.QuestActionForceExecution	0x06001BEB	Parse	1	0xD80300	1	0.930000	0.470000	HIGH_CONFIDENCE	manual_reviewed_type	ACCEPTED	System.Void(System.Xml.XmlNode)	System.Void(System.Xml.XmlNode)	mapped_return_type_exact|mapped_parameter_types_exact|normalized_signature_equal|method_flags_equal|declaration_ordinal_exact|method_semantics_equal|android_il_call_refs=4;mapped=2|android_il_field_refs=2;mapped=1|android_il_literals=1|switch_script_rva_joined
Assembly-CSharp	field	KGJKCFCFEED	0x04000FC6	value__	0	Nekki.SF2.Core.Permissions.PermissionRequestResult	0x040012CD	value__	0		1	1.000000	0.840000	HIGH_CONFIDENCE	manual_reviewed_type	ACCEPTED	System.Int32	System.Int32	mapped_field_type_exact|normalized_field_shape_equal|field_flags_equal|declaration_ordinal_exact|constant_equal|field_semantics_equal|meaningful_name_equal_supporting_only
Assembly-CSharp	field	KIBHCBGJLMN	0x04000FE2	LMLIAPBPODB	2	Nekki.SF2.Core.Quests.Actions.QuestActionChangeTab	0x040012F2	_TabType	2		1	1.000000	0.540000	HIGH_CONFIDENCE	manual_reviewed_type	ACCEPTED	LBFKFBALMGA	SliderType	mapped_field_type_exact|normalized_field_shape_equal|field_flags_equal|declaration_ordinal_exact|constant_equal|field_semantics_equal
Assembly-CSharp	field	KIBHCBGJLMN	0x04000FE3	LDEOONBMKAO	3	Nekki.SF2.Core.Quests.Actions.QuestActionChangeTab	0x040012F3	_ScreenType	3		1	1.000000	0.540000	HIGH_CONFIDENCE	manual_reviewed_type	ACCEPTED	IPKNDMINFMJ	ScreenType	mapped_field_type_exact|normalized_field_shape_equal|field_flags_equal|declaration_ordinal_exact|constant_equal|field_semantics_equal
Assembly-CSharp	method	KMKIHHLEAGA	0x06002550	FCCPPGDAIEF	1	XmlUtils	0x06002ACB	ParseInt	0	0x15C9660	1	0.926585	0.428555	HIGH_CONFIDENCE	manual_reviewed_type	ACCEPTED	System.Int32(System.Xml.XmlAttribute,System.Int32)	System.Int32(System.Xml.XmlAttribute,System.Int32)	mapped_return_type_exact|mapped_parameter_types_exact|normalized_signature_equal|method_flags_equal|declaration_position_close|method_semantics_equal|android_il_call_refs=2;mapped=0|switch_script_rva_joined
Assembly-CSharp	method	KMKIHHLEAGA	0x06002551	MKHOHGCBBIC	2	XmlUtils	0x06002ACB	ParseInt	0	0x15C9660	1	0.923171	0.424615	HIGH_CONFIDENCE	manual_reviewed_type	ACCEPTED	System.Int32(System.Xml.XmlAttribute,System.Int32)	System.Int32(System.Xml.XmlAttribute,System.Int32)	mapped_return_type_exact|mapped_parameter_types_exact|normalized_signature_equal|method_flags_equal|declaration_position_close|method_semantics_equal|android_il_call_refs=2;mapped=0|switch_script_rva_joined
Assembly-CSharp	method	KMKIHHLEAGA	0x06002552	JAKJMLMLOJD	3	XmlUtils	0x06002ACC	ParseLong	1	0x15C9740	1	0.925141	0.425666	HIGH_CONFIDENCE	manual_reviewed_type	ACCEPTED	System.Int64(System.Xml.XmlAttribute,System.Int64)	System.Int64(System.Xml.XmlAttribute,System.Int64)	mapped_return_type_exact|mapped_parameter_types_exact|normalized_signature_equal|method_flags_equal|declaration_position_close|method_semantics_equal|android_il_call_refs=2;mapped=0|switch_script_rva_joined
Assembly-CSharp	method	KMKIHHLEAGA	0x06002553	BMCAIKDGOKG	4	XmlUtils	0x06002ACC	ParseLong	1	0x15C9740	1	0.921726	0.424221	HIGH_CONFIDENCE	manual_reviewed_type	ACCEPTED	System.Int64(System.Xml.XmlAttribute,System.Int64)	System.Int64(System.Xml.XmlAttribute,System.Int64)	mapped_return_type_exact|mapped_parameter_types_exact|normalized_signature_equal|method_flags_equal|declaration_position_close|method_semantics_equal|android_il_call_refs=2;mapped=0|switch_script_rva_joined
Assembly-CSharp	method	KMKIHHLEAGA	0x06002554	FFGIKHDDGKO	5	XmlUtils	0x06002ACD	ParseUint	2	0x15C97C0	1	0.923696	0.424615	HIGH_CONFIDENCE	manual_reviewed_type	ACCEPTED	System.UInt32(System.Xml.XmlAttribute,System.UInt32)	System.UInt32(System.Xml.XmlAttribute,System.UInt32)	mapped_return_type_exact|mapped_parameter_types_exact|normalized_signature_equal|method_flags_equal|declaration_position_close|method_semantics_equal|android_il_call_refs=2;mapped=0|switch_script_rva_joined
Assembly-CSharp	method	KMKIHHLEAGA	0x06002555	PADGGABEIND	6	XmlUtils	0x06002ACD	ParseUint	2	0x15C97C0	1	0.920281	0.421332	HIGH_CONFIDENCE	manual_reviewed_type	ACCEPTED	System.UInt32(System.Xml.XmlAttribute,System.UInt32)	System.UInt32(System.Xml.XmlAttribute,System.UInt32)	mapped_return_type_exact|mapped_parameter_types_exact|normalized_signature_equal|method_flags_equal|declaration_position_close|method_semantics_equal|android_il_call_refs=2;mapped=0|switch_script_rva_joined
Assembly-CSharp	method	KMKIHHLEAGA	0x06002556	DCNCEKPIGMP	7	XmlUtils	0x06002ACE	ParseFloat	3	0x15C99A0	1	0.922251	0.424615	HIGH_CONFIDENCE	manual_reviewed_type	ACCEPTED	System.Single(System.Xml.XmlAttribute,System.Single)	System.Single(System.Xml.XmlAttribute,System.Single)	mapped_return_type_exact|mapped_parameter_types_exact|normalized_signature_equal|method_flags_equal|declaration_position_close|method_semantics_equal|android_il_call_refs=2;mapped=0|switch_script_rva_joined
Assembly-CSharp	method	KMKIHHLEAGA	0x06002557	JCIPBHDNKJJ	8	XmlUtils	0x06002ACE	ParseFloat	3	0x15C99A0	1	0.918837	0.419231	HIGH_CONFIDENCE	manual_reviewed_type	ACCEPTED	System.Single(System.Xml.XmlAttribute,System.Single)	System.Single(System.Xml.XmlAttribute,System.Single)	mapped_return_type_exact|mapped_parameter_types_exact|normalized_signature_equal|method_flags_equal|declaration_position_close|method_semantics_equal|android_il_call_refs=2;mapped=0|switch_script_rva_joined
Assembly-CSharp	method	KMKIHHLEAGA	0x06002558	GNLHPICNLLA	9	XmlUtils	0x06002ACF	ParseBool	4	0x15C9A10	1	0.920807	0.424615	HIGH_CONFIDENCE	manual_reviewed_type	ACCEPTED	System.Boolean(System.Xml.XmlAttribute,System.Boolean)	System.Boolean(System.Xml.XmlAttribute,System.Boolean)	mapped_return_type_exact|mapped_parameter_types_exact|normalized_signature_equal|method_flags_equal|declaration_position_close|method_semantics_equal|android_il_call_refs=2;mapped=0|android_il_literals=1|switch_script_rva_joined
Assembly-CSharp	method	KMKIHHLEAGA	0x06002559	CLKOPAKLMEE	10	XmlUtils	0x06002ACF	ParseBool	4	0x15C9A10	1	0.917392	0.424615	HIGH_CONFIDENCE	manual_reviewed_type	ACCEPTED	System.Boolean(System.Xml.XmlAttribute,System.Boolean)	System.Boolean(System.Xml.XmlAttribute,System.Boolean)	mapped_return_type_exact|mapped_parameter_types_exact|normalized_signature_equal|method_flags_equal|declaration_position_close|method_semantics_equal|android_il_call_refs=2;mapped=0|android_il_literals=1|switch_script_rva_joined
Assembly-CSharp	method	KMKIHHLEAGA	0x0600255A	OKDMJMDCCCB	11	XmlUtils	0x06002AD0	ParseString	5	0x15C9B40	1	0.919362	0.435385	HIGH_CONFIDENCE	manual_reviewed_type	ACCEPTED	System.String(System.Xml.XmlAttribute,System.String)	System.String(System.Xml.XmlAttribute,System.String)	mapped_return_type_exact|mapped_parameter_types_exact|normalized_signature_equal|method_flags_equal|declaration_position_close|method_semantics_equal|android_il_call_refs=1;mapped=0|switch_script_rva_joined
Assembly-CSharp	method	KMKIHHLEAGA	0x06002571	NFOPGMKPEAJ	34	XmlUtils	0x06002ADE	OpenXMLDocument	19	0x15CB850	1	0.916210	0.559231	HIGH_CONFIDENCE	manual_reviewed_type	ACCEPTED	System.Xml.XmlDocument(System.Xml.XmlReader)	System.Xml.XmlDocument(System.Xml.XmlReader)	mapped_return_type_exact|mapped_parameter_types_exact|normalized_signature_equal|method_flags_equal|declaration_position_close|method_semantics_equal|android_il_call_refs=4;mapped=0|switch_script_rva_joined
Assembly-CSharp	method	KNPEKEDPFHN	0x0600245A	PALCFKPEPPF	1	Nekki.SF2.Core.Utils.CurrencyBaseValues	0x06002982	Parse	1	0xD3C990	1	0.930000	0.640000	HIGH_CONFIDENCE	manual_reviewed_type	ACCEPTED	System.Void(System.Xml.XmlNode)	System.Void(System.Xml.XmlNode)	mapped_return_type_exact|mapped_parameter_types_exact|normalized_signature_equal|method_flags_equal|declaration_ordinal_exact|method_semantics_equal|android_il_call_refs=10;mapped=3|android_il_field_refs=1;mapped=1|android_il_literals=1|switch_script_rva_joined
Assembly-CSharp	method	KNPEKEDPFHN	0x0600245B	MMECNPCGCHJ	2	Nekki.SF2.Core.Utils.CurrencyBaseValues	0x06002983	GetBaseValue	2	0xD3CF50	1	0.930000	0.640000	HIGH_CONFIDENCE	manual_reviewed_type	ACCEPTED	System.Single(System.String)	System.Single(System.String)	mapped_return_type_exact|mapped_parameter_types_exact|normalized_signature_equal|method_flags_equal|declaration_ordinal_exact|method_semantics_equal|android_il_call_refs=8;mapped=6|android_il_field_refs=2;mapped=2|android_il_literals=1|switch_script_rva_joined
Assembly-CSharp	method	LALBHECIPLD	0x0600191C	FCKADIEMEDK	0	Nekki.SF2.Core.Fights.StageType	0x06001370	GetStageByName	0	0xF330C0	1	1.000000	0.000000	AUTHORITATIVE	manual_reviewed_type	ACCEPTED	LALBHECIPLD+FDBBPEGEGMK(System.String)	Nekki.SF2.Core.Fights.StageType+Stage(System.String)	manual_reviewed_method_pair|mapped_parameter_types_exact|normalized_signature_equal|method_flags_equal|declaration_ordinal_exact|method_semantics_equal|android_literal_supports_switch_name|android_il_call_refs=2;mapped=0|android_il_literals=18|manual_evidence:exact seven stage-name literals and enum results|switch_script_rva_joined
Assembly-CSharp	field	LAPFHLGNAAF	0x04001775	IICJGJJGIMC	1	Nekki.SF2.Core.Utils.CurrencyStruct	0x04001DEF	<Count>k__BackingField	1		1	0.960000	0.780000	HIGH_CONFIDENCE	manual_reviewed_type	ACCEPTED	CodeStage.AntiCheat.ObscuredTypes.ObscuredInt	CodeStage.AntiCheat.ObscuredTypes.ObscuredInt	mapped_field_type_exact|normalized_field_shape_equal|field_flags_equal|declaration_ordinal_exact|constant_equal
Assembly-CSharp	field	LBFKFBALMGA	0x040014B6	value__	0	SliderType	0x04001A02	value__	0		1	1.000000	0.807059	HIGH_CONFIDENCE	manual_reviewed_type	ACCEPTED	System.Int32	System.Int32	mapped_field_type_exact|normalized_field_shape_equal|field_flags_equal|declaration_ordinal_exact|constant_equal|field_semantics_equal|meaningful_name_equal_supporting_only
Assembly-CSharp	field	LFIMDCGEGBG	0x04001773	IICJGJJGIMC	1	Nekki.SF2.Core.Utils.MoneyStruct	0x04001DED	<Count>k__BackingField	1		1	0.960000	0.780000	HIGH_CONFIDENCE	manual_reviewed_type	ACCEPTED	CodeStage.AntiCheat.ObscuredTypes.ObscuredInt	CodeStage.AntiCheat.ObscuredTypes.ObscuredInt	mapped_field_type_exact|normalized_field_shape_equal|field_flags_equal|declaration_ordinal_exact|constant_equal
Assembly-CSharp	field	LNELMKGKPJN	0x040013EC	value__	0	SceneTypes	0x0400190C	value__	0		1	1.000000	0.810000	HIGH_CONFIDENCE	manual_reviewed_type	ACCEPTED	System.Int32	System.Int32	mapped_field_type_exact|normalized_field_shape_equal|field_flags_equal|declaration_ordinal_exact|constant_equal|field_semantics_equal|meaningful_name_equal_supporting_only
Assembly-CSharp	field	LPIMFGEBPDP	0x040014A3	value__	0	ConditionSubType	0x040019F8	value__	0		1	1.000000	0.840000	HIGH_CONFIDENCE	manual_reviewed_type	ACCEPTED	System.Int32	System.Int32	mapped_field_type_exact|normalized_field_shape_equal|field_flags_equal|declaration_ordinal_exact|constant_equal|field_semantics_equal|meaningful_name_equal_supporting_only
Assembly-CSharp	field	MDBNGLBPGCG	0x04001402	value__	0	GameValueType	0x0400192B	value__	0		1	1.000000	0.830000	HIGH_CONFIDENCE	manual_reviewed_type	ACCEPTED	System.Int32	System.Int32	mapped_field_type_exact|normalized_field_shape_equal|field_flags_equal|declaration_ordinal_exact|constant_equal|field_semantics_equal|meaningful_name_equal_supporting_only
Assembly-CSharp	field	MHOJFHKHIIL	0x040015F6	OHECKOIAAHO	3	Nekki.SF2.Core.Utils.Style	0x04001C0D	StyleMultiplier	3		1	1.000000	0.700000	HIGH_CONFIDENCE	manual_reviewed_type	ACCEPTED	System.Single	System.Single	mapped_field_type_exact|normalized_field_shape_equal|field_flags_equal|declaration_ordinal_exact|constant_equal|field_semantics_equal
Assembly-CSharp	field	MOKGEHOHDJK	0x04000DA8	value__	0	Nekki.SF2.Core.Fights.Rules.RuleAppliance	0x04000D25	value__	0		1	1.000000	0.830000	HIGH_CONFIDENCE	manual_reviewed_type	ACCEPTED	System.Int32	System.Int32	mapped_field_type_exact|normalized_field_shape_equal|field_flags_equal|declaration_ordinal_exact|constant_equal|field_semantics_equal|meaningful_name_equal_supporting_only
Assembly-CSharp	method	NBFEDMCCKPJ	0x060012EE	PALCFKPEPPF	2	Nekki.SF2.Core.Fights.Model.Animation.Moves.Events.EventIntervalStart	0x06000C97	Parse	2	0x1015730	1	0.930000	0.616667	HIGH_CONFIDENCE	manual_reviewed_type	ACCEPTED	System.Void(System.Xml.XmlNode)	System.Void(System.Xml.XmlNode)	mapped_return_type_exact|mapped_parameter_types_exact|normalized_signature_equal|method_flags_equal|declaration_ordinal_exact|method_semantics_equal|android_il_call_refs=4;mapped=1|android_il_field_refs=2;mapped=1|android_il_literals=8|switch_script_rva_joined
Assembly-CSharp	method	NCEILOIPOOE	0x06001BE5	PALCFKPEPPF	1	Nekki.SF2.Core.Quests.Actions.QuestActionSessionSettings	0x06001C50	Parse	1	0xD89CA0	1	0.930000	0.470000	HIGH_CONFIDENCE	manual_reviewed_type	ACCEPTED	System.Void(System.Xml.XmlNode)	System.Void(System.Xml.XmlNode)	mapped_return_type_exact|mapped_parameter_types_exact|normalized_signature_equal|method_flags_equal|declaration_ordinal_exact|method_semantics_equal|android_il_call_refs=4;mapped=2|android_il_field_refs=3;mapped=2|android_il_literals=2|switch_script_rva_joined
Assembly-CSharp	field	NIDJICDJLHC	0x04000F27	MENAJEAJJBE	0	Nekki.SF2.Core.Network.GiveItemLogin	0x04001237	Name	0		1	1.000000	0.700000	HIGH_CONFIDENCE	manual_reviewed_type	ACCEPTED	System.String	System.String	mapped_field_type_exact|normalized_field_shape_equal|field_flags_equal|declaration_ordinal_exact|constant_equal|field_semantics_equal
Assembly-CSharp	field	NIDJICDJLHC	0x04000F2A	BMPAJCILLOP	3	Nekki.SF2.Core.Network.GiveItemLogin	0x0400123A	Equip	3		1	1.000000	0.700000	HIGH_CONFIDENCE	manual_reviewed_type	ACCEPTED	System.Boolean	System.Boolean	mapped_field_type_exact|normalized_field_shape_equal|field_flags_equal|declaration_ordinal_exact|constant_equal|field_semantics_equal
Assembly-CSharp	field	NKFFAPINAHC	0x040020BE	value__	0	Nekki.SF2.GUI.TableViewOrientation	0x04003241	value__	0		1	1.000000	0.860000	HIGH_CONFIDENCE	manual_reviewed_type	ACCEPTED	System.Int32	System.Int32	mapped_field_type_exact|normalized_field_shape_equal|field_flags_equal|declaration_ordinal_exact|constant_equal|field_semantics_equal|meaningful_name_equal_supporting_only
Assembly-CSharp	method	NMCKMGOCCBO	0x06002225	PALCFKPEPPF	4	Nekki.SF2.Core.Utils.Perks.PerkActionVariable	0x060026B0	Parse	4	0xF6B900	1	0.930000	0.545000	HIGH_CONFIDENCE	manual_reviewed_type	ACCEPTED	System.Void(System.Xml.XmlNode)	System.Void(System.Xml.XmlNode)	mapped_return_type_exact|mapped_parameter_types_exact|normalized_signature_equal|method_flags_equal|declaration_ordinal_exact|method_semantics_equal|android_il_call_refs=17;mapped=8|android_il_field_refs=1;mapped=0|android_il_literals=2|switch_script_rva_joined
Assembly-CSharp	field	NMIMFBKDALL	0x04000AE2	value__	0	Nekki.SF2.Core.Fights.Model.Components.Edges.EdgeSubType	0x04000A11	value__	0		1	1.000000	0.860000	HIGH_CONFIDENCE	manual_reviewed_type	ACCEPTED	System.Int32	System.Int32	mapped_field_type_exact|normalized_field_shape_equal|field_flags_equal|declaration_ordinal_exact|constant_equal|field_semantics_equal|meaningful_name_equal_supporting_only
Assembly-CSharp	method	NMOAACKEMIL	0x06001BF0	PALCFKPEPPF	1	Nekki.SF2.Core.Quests.Actions.QuestActionSetLanguage	0x06001C5C	Parse	1	0xD8A5C0	1	0.930000	0.470000	HIGH_CONFIDENCE	manual_reviewed_type	ACCEPTED	System.Void(System.Xml.XmlNode)	System.Void(System.Xml.XmlNode)	mapped_return_type_exact|mapped_parameter_types_exact|normalized_signature_equal|method_flags_equal|declaration_ordinal_exact|method_semantics_equal|android_il_call_refs=4;mapped=2|android_il_field_refs=2;mapped=1|android_il_literals=1|switch_script_rva_joined
Assembly-CSharp	method	NNCLPHKBNJD	0x06001B35	PALCFKPEPPF	1	Nekki.SF2.Core.Quests.Actions.QuestActionAttachFile	0x06001B7C	Parse	1	0xD73F40	1	0.930000	0.470000	HIGH_CONFIDENCE	manual_reviewed_type	ACCEPTED	System.Void(System.Xml.XmlNode)	System.Void(System.Xml.XmlNode)	mapped_return_type_exact|mapped_parameter_types_exact|normalized_signature_equal|method_flags_equal|declaration_ordinal_exact|method_semantics_equal|android_il_call_refs=4;mapped=2|android_il_field_refs=2;mapped=1|android_il_literals=1|switch_script_rva_joined
Assembly-CSharp	field	NPIPAOAPBCK	0x04001BFC	value__	0	Nekki.SF2.GUI.Fight.ComboTypeEvent	0x040029E5	value__	0		1	1.000000	0.840000	HIGH_CONFIDENCE	manual_reviewed_type	ACCEPTED	System.Int32	System.Int32	mapped_field_type_exact|normalized_field_shape_equal|field_flags_equal|declaration_ordinal_exact|constant_equal|field_semantics_equal|meaningful_name_equal_supporting_only
Assembly-CSharp	method	OBIJPKHAMGI	0x060024E1	KFPKAILMJAA	0	Util	0x06002A29	Swap	0		1	0.910000	0.688462	HIGH_CONFIDENCE	manual_reviewed_type	ACCEPTED	System.Void(!m0&,!m0&)	System.Void(!m0&,!m0&)	mapped_return_type_exact|mapped_parameter_types_exact|normalized_signature_equal|method_flags_equal|declaration_ordinal_exact|method_semantics_equal
Assembly-CSharp	field	OCNFDKBACBK	0x04001085	PJALFNFOBGO	2	Nekki.SF2.Core.Quests.Actions.QuestActionStoryTutorialMove	0x04001406	_WaitTimeCoroutine	2		1	1.000000	0.700000	HIGH_CONFIDENCE	manual_reviewed_type	ACCEPTED	System.Collections.IEnumerator	System.Collections.IEnumerator	mapped_field_type_exact|normalized_field_shape_equal|field_flags_equal|declaration_ordinal_exact|constant_equal|field_semantics_equal
Assembly-CSharp	field	OCNFDKBACBK	0x04001086	MCOIHOFKLHA	3	Nekki.SF2.Core.Quests.Actions.QuestActionStoryTutorialMove	0x04001407	_LastAnimationIsMove	3		1	1.000000	0.700000	HIGH_CONFIDENCE	manual_reviewed_type	ACCEPTED	System.Boolean	System.Boolean	mapped_field_type_exact|normalized_field_shape_equal|field_flags_equal|declaration_ordinal_exact|constant_equal|field_semantics_equal
Assembly-CSharp	field	OIPHFIEDJKL	0x04001FC5	value__	0	Nekki.SF2.GUI.Shop.ShopSection	0x04003142	value__	0		1	1.000000	0.813333	HIGH_CONFIDENCE	manual_reviewed_type	ACCEPTED	System.Int32	System.Int32	mapped_field_type_exact|normalized_field_shape_equal|field_flags_equal|declaration_ordinal_exact|constant_equal|field_semantics_equal|meaningful_name_equal_supporting_only
Assembly-CSharp	field	OKBKNMCOIEN	0x040012F7	DJNLHKDBFIN	0	Nekki.SF2.Core.StageSF.SecurityModule	0x040016B2	_CheckStarted	0		1	1.000000	0.760000	HIGH_CONFIDENCE	manual_reviewed_type	ACCEPTED	System.Boolean	System.Boolean	mapped_field_type_exact|normalized_field_shape_equal|field_flags_equal|declaration_ordinal_exact|constant_equal|field_semantics_equal
Assembly-CSharp	field	OLHMJFIOMHL	0x04001BF5	value__	0	Nekki.SF2.GUI.Fight.ComboTypes	0x040029DE	value__	0		1	1.000000	0.820000	HIGH_CONFIDENCE	manual_reviewed_type	ACCEPTED	System.Int32	System.Int32	mapped_field_type_exact|normalized_field_shape_equal|field_flags_equal|declaration_ordinal_exact|constant_equal|field_semantics_equal|meaningful_name_equal_supporting_only
Assembly-CSharp	method	OLJMADEOLID	0x06001BE8	PALCFKPEPPF	1	Nekki.SF2.Core.Quests.Actions.QuestActionSetCurrentZone	0x06001C53	Parse	1	0xD89F00	1	0.930000	0.470000	HIGH_CONFIDENCE	manual_reviewed_type	ACCEPTED	System.Void(System.Xml.XmlNode)	System.Void(System.Xml.XmlNode)	mapped_return_type_exact|mapped_parameter_types_exact|normalized_signature_equal|method_flags_equal|declaration_ordinal_exact|method_semantics_equal|android_il_call_refs=4;mapped=2|android_il_field_refs=2;mapped=1|android_il_literals=1|switch_script_rva_joined
Assembly-CSharp	method	PCGOIFOINKC	0x06001B82	PALCFKPEPPF	1	Nekki.SF2.Core.Quests.Actions.QuestActionEndTimer	0x06001BE3	Parse	1	0xD7FDA0	1	0.930000	0.470000	HIGH_CONFIDENCE	manual_reviewed_type	ACCEPTED	System.Void(System.Xml.XmlNode)	System.Void(System.Xml.XmlNode)	mapped_return_type_exact|mapped_parameter_types_exact|normalized_signature_equal|method_flags_equal|declaration_ordinal_exact|method_semantics_equal|android_il_call_refs=4;mapped=2|android_il_field_refs=2;mapped=1|android_il_literals=1|switch_script_rva_joined
Assembly-CSharp	field	PCKPFBFHKJH	0x040013D2	value__	0	ItemAction	0x040018F0	value__	0		1	1.000000	0.806000	HIGH_CONFIDENCE	manual_reviewed_type	ACCEPTED	System.Int32	System.Int32	mapped_field_type_exact|normalized_field_shape_equal|field_flags_equal|declaration_ordinal_exact|constant_equal|field_semantics_equal|meaningful_name_equal_supporting_only
Assembly-CSharp	method	PHFCNOBALGE	0x0600127E	PALCFKPEPPF	3	Nekki.SF2.Core.Fights.Model.Animation.Moves.Actions.ActionZoomEffect	0x06000C22	Parse	3	0x100DFF0	1	0.930000	0.446667	HIGH_CONFIDENCE	manual_reviewed_type	ACCEPTED	System.Void(System.Xml.XmlNode)	System.Void(System.Xml.XmlNode)	mapped_return_type_exact|mapped_parameter_types_exact|normalized_signature_equal|method_flags_equal|declaration_ordinal_exact|method_semantics_equal|android_il_call_refs=5;mapped=3|android_il_field_refs=3;mapped=3|android_il_literals=4|switch_script_rva_joined
Assembly-CSharp	method	PIOKMDENJFB	0x060017FA	FBGPMKDJLNE	1	Nekki.SF2.Core.Fights.Rules.CrazyRule	0x0600124B	CompareSingle	1	0xEB1860	1	0.930000	0.640000	HIGH_CONFIDENCE	manual_reviewed_type	ACCEPTED	System.Boolean(System.Object)	System.Boolean(System.Object)	mapped_return_type_exact|mapped_parameter_types_exact|normalized_signature_equal|method_flags_equal|declaration_ordinal_exact|method_semantics_equal|android_il_call_refs=1;mapped=1|android_il_field_refs=3;mapped=3|android_il_literals=2|switch_script_rva_joined
Assembly-CSharp	method	PIOKMDENJFB	0x060017FB	PALCFKPEPPF	2	Nekki.SF2.Core.Fights.Rules.CrazyRule	0x0600124C	Parse	2	0xEB1990	1	0.930000	0.640000	HIGH_CONFIDENCE	manual_reviewed_type	ACCEPTED	System.Void(System.Xml.XmlNode)	System.Void(System.Xml.XmlNode)	mapped_return_type_exact|mapped_parameter_types_exact|normalized_signature_equal|method_flags_equal|declaration_ordinal_exact|method_semantics_equal|android_il_call_refs=2;mapped=2|android_il_field_refs=1;mapped=1|switch_script_rva_joined
Assembly-CSharp	field	PJMEMGHKKBM	0x0400142A	value__	0	BattleType	0x0400195D	value__	0		1	1.000000	0.805217	HIGH_CONFIDENCE	manual_reviewed_type	ACCEPTED	System.Int32	System.Int32	mapped_field_type_exact|normalized_field_shape_equal|field_flags_equal|declaration_ordinal_exact|constant_equal|field_semantics_equal|meaningful_name_equal_supporting_only
Assembly-CSharp	method	PMOKJKOPOPJ	0x06002175	PBOJBHFADMO	8	Nekki.SF2.Core.Utils.ItemBuyHelper	0x060025BD	BuyImmediatelyDelivery	10	0xF5F170	1	0.930000	0.409333	HIGH_CONFIDENCE	manual_reviewed_type	ACCEPTED	System.Boolean(System.String)	System.Boolean(System.String)	mapped_return_type_exact|mapped_parameter_types_exact|normalized_signature_equal|method_flags_equal|declaration_ordinal_exact|method_semantics_equal|android_il_call_refs=3;mapped=3|switch_script_rva_joined
Assembly-CSharp	method	PNODHDPKBMN	0x06001B40	PALCFKPEPPF	1	Nekki.SF2.Core.Quests.Actions.QuestActionChangePlayerAvatar	0x06001B8B	Parse	1	0xD75420	1	0.930000	0.446667	HIGH_CONFIDENCE	manual_reviewed_type	ACCEPTED	System.Void(System.Xml.XmlNode)	System.Void(System.Xml.XmlNode)	mapped_return_type_exact|mapped_parameter_types_exact|normalized_signature_equal|method_flags_equal|declaration_ordinal_exact|method_semantics_equal|android_il_call_refs=4;mapped=2|android_il_field_refs=2;mapped=1|android_il_literals=1|switch_script_rva_joined
Assembly-CSharp	method	PNODHDPKBMN	0x06001B42	FELIKPANLMO	3	Nekki.SF2.Core.Quests.Actions.QuestActionChangePlayerAvatar	0x06001B8D	GetValues	3	0xD75610	1	0.930000	0.476667	HIGH_CONFIDENCE	manual_reviewed_type	ACCEPTED	System.Void(System.String&)	System.Void(System.String&)	mapped_return_type_exact|mapped_parameter_types_exact|normalized_signature_equal|method_flags_equal|declaration_ordinal_exact|method_semantics_equal|android_il_call_refs=5;mapped=2|android_il_field_refs=2;mapped=2|switch_script_rva_joined
